{
  "EASY": 100.0,
  "MEDIUM": 39.39393939393939,
  "HARD": 69,
  "TRACKING": 42.847613647733716
}